district,district_name,province,latitude,longitude,coord_source
ampara,Ampara,Eastern,7.2381,81.5512,"geoBoundaries gbOpen LKA ADM2 centroid (OSM, ODbL)"
anuradhapura,Anuradhapura,North Central,8.3918,80.5124,"geoBoundaries gbOpen LKA ADM2 centroid (OSM, ODbL)"
badulla,Badulla,Uva,7.0756,81.0449,"geoBoundaries gbOpen LKA ADM2 centroid (OSM, ODbL)"
batticaloa,Batticaloa,Eastern,7.7924,81.4929,"geoBoundaries gbOpen LKA ADM2 centroid (OSM, ODbL)"
colombo,Colombo,Western,6.8693,80.0197,"geoBoundaries gbOpen LKA ADM2 centroid (OSM, ODbL)"
galle,Galle,Southern,6.2227,80.2522,"geoBoundaries gbOpen LKA ADM2 centroid (OSM, ODbL)"
gampaha,Gampaha,Western,7.1234,80.0184,"geoBoundaries gbOpen LKA ADM2 centroid (OSM, ODbL)"
hambantota,Hambantota,Southern,6.2595,81.0981,"geoBoundaries gbOpen LKA ADM2 centroid (OSM, ODbL)"
jaffna,Jaffna,Northern,9.6915,80.1117,"geoBoundaries gbOpen LKA ADM2 centroid (OSM, ODbL)"
kalutara,Kalutara,Western,6.5769,80.1275,"geoBoundaries gbOpen LKA ADM2 centroid (OSM, ODbL)"
kandy,Kandy,Central,7.2729,80.7097,"geoBoundaries gbOpen LKA ADM2 centroid (OSM, ODbL)"
kegalle,Kegalle,Sabaragamuwa,7.1043,80.3429,"geoBoundaries gbOpen LKA ADM2 centroid (OSM, ODbL)"
kilinochchi,Kilinochchi,Northern,9.4229,80.3129,"geoBoundaries gbOpen LKA ADM2 centroid (OSM, ODbL)"
kurunegala,Kurunegala,North Western,7.6646,80.2369,"geoBoundaries gbOpen LKA ADM2 centroid (OSM, ODbL)"
mannar,Mannar,Northern,8.8781,80.0895,"geoBoundaries gbOpen LKA ADM2 centroid (OSM, ODbL)"
matale,Matale,Central,7.6685,80.7309,"geoBoundaries gbOpen LKA ADM2 centroid (OSM, ODbL)"
matara,Matara,Southern,6.1421,80.5403,"geoBoundaries gbOpen LKA ADM2 centroid (OSM, ODbL)"
monaragala,Monaragala,Uva,6.7866,81.3037,"geoBoundaries gbOpen LKA ADM2 centroid (OSM, ODbL)"
mullaitivu,Mullaitivu,Northern,9.1754,80.5422,"geoBoundaries gbOpen LKA ADM2 centroid (OSM, ODbL)"
nuwara_eliya,Nuwara Eliya,Central,6.974,80.7112,"geoBoundaries gbOpen LKA ADM2 centroid (OSM, ODbL)"
polonnaruwa,Polonnaruwa,North Central,7.9941,81.026,"geoBoundaries gbOpen LKA ADM2 centroid (OSM, ODbL)"
puttalam,Puttalam,North Western,7.9737,79.914,"geoBoundaries gbOpen LKA ADM2 centroid (OSM, ODbL)"
ratnapura,Ratnapura,Sabaragamuwa,6.5871,80.5661,"geoBoundaries gbOpen LKA ADM2 centroid (OSM, ODbL)"
trincomalee,Trincomalee,Eastern,8.5506,81.0937,"geoBoundaries gbOpen LKA ADM2 centroid (OSM, ODbL)"
vavuniya,Vavuniya,Northern,8.8582,80.4817,"geoBoundaries gbOpen LKA ADM2 centroid (OSM, ODbL)"
