variant_key,moh_key,note
aththanagalla,attanagalla,spelling variant in NDCU PDFs (same district: Gampaha)
akkaraipathu,akkaraipattu,spelling variant in NDCU PDFs (same district: Ampara)
banadaragama,bandaragama,spelling variant in NDCU PDFs (same district: Kalutara)
chenkaladay,chenkalady,spelling variant in NDCU PDFs (same district: Batticaloa)
dehiyattakandiya,dehiattakandiya,spelling variant in NDCU PDFs (same district: Ampara)
goadakawela,godakawela,spelling variant in NDCU PDFs (same district: Ratnapura)
kahatuduwa,kahathuduwa,spelling variant in NDCU PDFs (same district: Colombo)
pyagala,payagala,spelling variant in NDCU PDFs (same district: Kalutara)
pugodedompe,pugodadompe,spelling variant in NDCU PDFs (same district: Gampaha)
ratnapuramc,rathnapuramc,spelling variant in NDCU PDFs (same district: Ratnapura)
telippalai,tellippalai,spelling variant in NDCU PDFs (same district: Jaffna)
udawalwa,udawalawa,spelling variant in NDCU PDFs (same district: Ratnapura)
weereketiya,weeraketiya,spelling variant in NDCU PDFs (same district: Hambantota)
