rdhs,rdhs_name,district
colombo,Colombo,colombo
gampaha,Gampaha,gampaha
kalutara,Kalutara,kalutara
kandy,Kandy,kandy
matale,Matale,matale
nuwara_eliya,Nuwara Eliya,nuwara_eliya
galle,Galle,galle
hambantota,Hambantota,hambantota
matara,Matara,matara
jaffna,Jaffna,jaffna
kilinochchi,Kilinochchi,kilinochchi
mannar,Mannar,mannar
vavuniya,Vavuniya,vavuniya
mullaitivu,Mullaitivu,mullaitivu
batticaloa,Batticaloa,batticaloa
ampara,Ampara,ampara
trincomalee,Trincomalee,trincomalee
kalmunai,Kalmunai,ampara
kurunegala,Kurunegala,kurunegala
puttalam,Puttalam,puttalam
anuradhapura,Anuradhapura,anuradhapura
polonnaruwa,Polonnaruwa,polonnaruwa
badulla,Badulla,badulla
monaragala,Monaragala,monaragala
ratnapura,Ratnapura,ratnapura
kegalle,Kegalle,kegalle
