district,population,census_year,source
ampara,744551,2024,"Census of Population and Housing 2024 - Final Report, Department of Census and Statistics Sri Lanka (10 Apr 2026), Table 3.2"
anuradhapura,960080,2024,"Census of Population and Housing 2024 - Final Report, Department of Census and Statistics Sri Lanka (10 Apr 2026), Table 3.2"
badulla,872307,2024,"Census of Population and Housing 2024 - Final Report, Department of Census and Statistics Sri Lanka (10 Apr 2026), Table 3.2"
batticaloa,595918,2024,"Census of Population and Housing 2024 - Final Report, Department of Census and Statistics Sri Lanka (10 Apr 2026), Table 3.2"
colombo,2375415,2024,"Census of Population and Housing 2024 - Final Report, Department of Census and Statistics Sri Lanka (10 Apr 2026), Table 3.2"
galle,1097372,2024,"Census of Population and Housing 2024 - Final Report, Department of Census and Statistics Sri Lanka (10 Apr 2026), Table 3.2"
gampaha,2436142,2024,"Census of Population and Housing 2024 - Final Report, Department of Census and Statistics Sri Lanka (10 Apr 2026), Table 3.2"
hambantota,671418,2024,"Census of Population and Housing 2024 - Final Report, Department of Census and Statistics Sri Lanka (10 Apr 2026), Table 3.2"
jaffna,594751,2024,"Census of Population and Housing 2024 - Final Report, Department of Census and Statistics Sri Lanka (10 Apr 2026), Table 3.2"
kalutara,1305784,2024,"Census of Population and Housing 2024 - Final Report, Department of Census and Statistics Sri Lanka (10 Apr 2026), Table 3.2"
kandy,1461895,2024,"Census of Population and Housing 2024 - Final Report, Department of Census and Statistics Sri Lanka (10 Apr 2026), Table 3.2"
kegalle,870476,2024,"Census of Population and Housing 2024 - Final Report, Department of Census and Statistics Sri Lanka (10 Apr 2026), Table 3.2"
kilinochchi,136710,2024,"Census of Population and Housing 2024 - Final Report, Department of Census and Statistics Sri Lanka (10 Apr 2026), Table 3.2"
kurunegala,1768156,2024,"Census of Population and Housing 2024 - Final Report, Department of Census and Statistics Sri Lanka (10 Apr 2026), Table 3.2"
mannar,123756,2024,"Census of Population and Housing 2024 - Final Report, Department of Census and Statistics Sri Lanka (10 Apr 2026), Table 3.2"
matale,526870,2024,"Census of Population and Housing 2024 - Final Report, Department of Census and Statistics Sri Lanka (10 Apr 2026), Table 3.2"
matara,837889,2024,"Census of Population and Housing 2024 - Final Report, Department of Census and Statistics Sri Lanka (10 Apr 2026), Table 3.2"
monaragala,527585,2024,"Census of Population and Housing 2024 - Final Report, Department of Census and Statistics Sri Lanka (10 Apr 2026), Table 3.2"
mullaitivu,122619,2024,"Census of Population and Housing 2024 - Final Report, Department of Census and Statistics Sri Lanka (10 Apr 2026), Table 3.2"
nuwara_eliya,725280,2024,"Census of Population and Housing 2024 - Final Report, Department of Census and Statistics Sri Lanka (10 Apr 2026), Table 3.2"
polonnaruwa,447530,2024,"Census of Population and Housing 2024 - Final Report, Department of Census and Statistics Sri Lanka (10 Apr 2026), Table 3.2"
puttalam,818816,2024,"Census of Population and Housing 2024 - Final Report, Department of Census and Statistics Sri Lanka (10 Apr 2026), Table 3.2"
ratnapura,1145423,2024,"Census of Population and Housing 2024 - Final Report, Department of Census and Statistics Sri Lanka (10 Apr 2026), Table 3.2"
trincomalee,442745,2024,"Census of Population and Housing 2024 - Final Report, Department of Census and Statistics Sri Lanka (10 Apr 2026), Table 3.2"
vavuniya,172312,2024,"Census of Population and Housing 2024 - Final Report, Department of Census and Statistics Sri Lanka (10 Apr 2026), Table 3.2"
